{
  "enterprise_name": "Nom de l'entreprise",
  "enterprise_slogan": "slogan de l'entreprise",
  "enterprise_email": "email@sous_domain_name.com",
  "enterprise_phone": "2223121",
  "home_label": "acceuil",
  "region_visite": "regions visitées",
  "enterprise_adress": "an unknown printer took a galley of type and scrambled",
  "home_register_btn": "créer un compte",
  "home_signIn_btn": "connexion",
  "home_change_langage": "En",
  "home_title_label": "Lorem Ipsum is simply dummy text of the printing and typesetting",
  "home_subtitle_label": "text ever since the 1500s, when an unknown printer took a galley of type and scrambled it to make a type specimen book",
  "form_ask_price_from": "ville ou pays depart",
  "form_ask_price_till": "ville ou pays arrivé",
  "form_ask_price_poids": "poids",
  "form_ask_price_hauteur": "hauteur",
  "form_ask_price_largeur": "largeur",
  "form_ask_price_submit": "demender",
  "home_anonce_title": "dernières annonces",
  "home_small_describe_title": "COMMENT CA MARCHE",
  "home_small_describe_content": "Lorem Ipsum is simply dummy text of the printing and typesetting industry. Lorem Ipsum has been the industry's standard dummy text ever since the 1500s, when an unknown printer took a galley of type and scrambled it to make a type specimen book. It has survived not only five centuries, but also the leap into electronic typesetting, remaining essentially unchanged. It was popularised in the 1960s with the release of Letraset sheets containing Lorem Ipsum passages, and more recently with desktop publishing software like Aldus PageMaker including versions of Lorem Ipsum.",
  "home_small_describe_first_rubrique_title": "Un titre pour la rubrique 1",
  "home_small_describe_first_rubrique_contain": "There are many variations of passages of Lorem Ipsum available, but the majority have suffered alteration in some form, by injected humour, or randomised words which don't look even slightly believable. If you are going to use a passage of Lorem Ipsum,",
  "home_small_describe_second_rubrique_title": "Un titre pour la rubrique 2",
  "home_small_describe_second_rubrique_contain": "There are many variations of passages of Lorem Ipsum available, but the majority have suffered alteration in some form, by injected humour, or randomised words which don't look even slightly believable. If you are going to use a passage of Lorem Ipsum,",
  "home_small_describe_third_rubrique_title": "Un titre pour la rubrique 3",
  "home_small_describe_third_rubrique_contain": "There are many variations of passages of Lorem Ipsum available, but the majority have suffered alteration in some form, by injected humour, or randomised words which don't look even slightly believable. If you are going to use a passage of Lorem Ipsum,",

  "home_ask_extimation_price_form_title": "Estimation prix de l'envoie",
  "home_ask_extimation_price_form_label_poids": "Poids",
  "home_ask_extimation_price_form_label_largeur": "Largeur",
  "home_ask_extimation_price_form_label_hauteur": "Hauteur",
  "home_ask_extimation_price_form_label_adress_from": "Source",
  "home_ask_extimation_price_form_label_address_till": "destination",
  "home_ask_extimation_price_form_label_submit": "Obtenir le prix",

  "top_menu_go_to_account_btn": "Tableau de bord",
  "top_menu_deconnexion_btn": "Déconnexion",

  "register_form_title": "Creation compte",
  "signIn_form_title": "Connexion",
  "register_form_name": "Nom",
  "register_form_surname": "Prénom",
  "register_form_sexe": "Sexe",
  "register_form_username": "adresse email",
  "register_form_password": "mot de passe",
  "register_form_password_confirm": "confirmation mot de passe",

  "register_form_error_name_required": "Veillez entrer votre nom",
  "register_form_error_surname_required": "Veillez entrer votre prénom",
  "register_form_error_username_required": "Veillez saisir votre adresse email",
  "register_form_error_username_invalid_email": "Adresse email incorrect",
  "register_form_error_password_required": "veillez renseiger votre mot de passe",
  "register_form_error_password_minlength": "mot de passe trop court 6 carractère minimun",
  "register_form_error_password_confirm": "les mots de passe ne sont pas identiques",

  "unaccepted_political_confidentiality": "Veillez accepter les politiques de confidentialité",
  "political_confidentiality_innerHTML": "J'accepte les <u routerLink='/political_confidentiality' target='_blank'>conditions générales et la politique de confidentialité </u>",
  "btn_save": "Enregistrer",
  "btn_reset": "Annuler",


  "home_moyen_transport_avion": "avion",
  "home_moyen_transport_bus": "bus",
  "home_moyen_transport_camionette": "camionette",
  "home_moyen_transport_train": "Train",
  "home_moyen_transport_bateau": "bateau",
  "home_avis": "Les dernières avis",
  "home_best_trajet": "derniers colis envoyés",
  "pays_name_1": "Cameroun",
  "pays_name_2": "Cameroun",
  "pays_name_3": "Cameroun",
  "pays_name_4": "Cameroun",
  "pays_name_5": "Cameroun",
  "pays_name_6": "Cameroun",
  "pays_name_7": "Cameroun",
  "pays_name_8": "Cameroun",
  "pays_name_9": "Cameroun",
  "home_inscription_section_title": "Inscription gratuite",
  "home_inscription_section_content": " English. Many desktop publishing packages and web page editors now use Lorem Ipsum as their default model text, and a search for 'lorem ipsum' will uncover many web sites still in their infancy. Various versions have evolved over the years, sometimes by accident, sometimes on purpose (injected humour and the like).",
  "home_inscription_section_avantage_content1": " English. Many desktop publishing packages and web page editors now use Lorem Ipsum as their default model text, and a search for 'lorem ipsum' will uncover many web sites still in their infancy. Various versions have evolved over the years, sometimes by accident, sometimes on purpose (injected humour and the like).",
  "home_inscription_section_avantage_content2": " English. Many desktop publishing packages and web page editors now use Lorem Ipsum as their default model text, and a search for 'lorem ipsum' will uncover many web sites still in their infancy. Various versions have evolved over the years, sometimes by accident, sometimes on purpose (injected humour and the like).",
  "home_inscription_section_avantage_content3": " English. Many desktop publishing packages and web page editors now use Lorem Ipsum as their default model text, and a search for 'lorem ipsum' will uncover many web sites still in their infancy. Various versions have evolved over the years, sometimes by accident, sometimes on purpose (injected humour and the like).",
  "home_inscription_section_avantage_content4": " English. Many desktop publishing packages and web page editors now use Lorem Ipsum as their default model text, and a search for 'lorem ipsum' will uncover many web sites still in their infancy. Various versions have evolved over the years, sometimes by accident, sometimes on purpose (injected humour and the like).",
  "home_inscription_section_avantage_title4": "Convivial",
  "home_inscription_section_avantage_title3": "Sécurisé",
  "home_inscription_section_avantage_title2": "Rapide",
  "home_inscription_section_avantage_title1": "Economique",

  "home_avantage_title_1": "Economique",
  "home_avantage_content_1": "Richard McClintock, a Latin professor at Hampden-Sydney College in Virginia, looked up one of",
  "home_avantage_title_2": "Economique",
  "home_avantage_content_2": "Richard McClintock, a Latin professor at Hampden-Sydney College in Virginia, looked up one of",
  "home_avantage_title_3": "Economique",
  "home_avantage_content_3": "Richard McClintock, a Latin professor at Hampden-Sydney College in Virginia, looked up one of",
  "home_avantage_title_4": "Economique",
  "home_avantage_content_4": "Richard McClintock, a Latin professor at Hampden-Sydney College in Virginia, looked up one of",

  "home_partenaire_title": "Ils nous font confiance",

  "home_bande_annonce_title": "Dernière actualité",

  "contact_us_form_title": "Nous contacter",
  "contact_us_form_label_nom": "Nom",
  "contact_us_form_placehold_nom": "Veillez entrer votre nom",
  "contact_us_form_label_email": "Email",
  "contact_us_form_placehold_email": "Veillez entrer votre adresse email",
  "contact_us_form_label_subject": "Suject",
  "contact_us_form_placehold_subject": "Votre sujet",
  "contact_us_form_label_message": "Message",
  "contact_us_form_placehold_message": "Entrer votre message",
  "contact_us_form_send_btn": "Envoyer",


  "footer_col_1_title": "Info",
  "footer_col_1_apros_li_1": "A propos",
  "footer_col_1_apros_li_2": "Comment ca marche",
  "footer_col_1_apros_li_3": "Vie privé",
  "footer_col_1_apros_li_4": "Condition d'utilisation",

  "footer_col_2_title": "Accès rapide",

  "footer_col_3_title": "Suivez-nous",


  "error_message_register_form_form_mal_rempli":"Formulaire mal remplit veillez renseigner tous les champs obligatoires",
  "error_message_register_form_username_exist":"l'adresse email utilisée existe déja. Impossible de l'utiliser à nouveau",
  "error_message_authentication_form_unauthorize":"Le mot de passe ou l'adresse email sont incorrect",
  "error_message_default_register_form":"Service momentanement insdiponible",
  "success_message_default_register_form":"Votre compte a été créér avec succès",

  "prestation_service_menu": "Prestations de service",
  "prestation_service_menu_item_1": "Chargement",
  "prestation_service_menu_item_2": "Transport",
  "prestation_service_menu_item_3": "Expaces de rangement",
  "prestation_service_menu_item_1_1": "Chargement Nationaux",
  "prestation_service_menu_item_1_2": "Chargement Internationaux",
  "qui_somme_nous":  "\n\nLorem ipsum dolor sit amet, consectetur adipiscing elit. Pellentesque pharetra ut arcu in iaculis. Curabitur commodo consequat dictum. Nullam a semper dolor. Integer nec blandit nulla. Aliquam iaculis lacus vitae leo vulputate sagittis. Maecenas eu justo felis. Mauris ullamcorper metus purus. Pellentesque ut pharetra nisi. Curabitur eleifend id nunc ut gravida. Sed egestas, est et imperdiet aliquam, metus quam feugiat mi, eget facilisis urna eros ac massa. Morbi pulvinar rhoncus nisi vitae tempor. Donec aliquam lorem sed risus cursus, sit amet convallis orci elementum. Sed finibus sodales consectetur. Pellentesque aliquet luctus tristique. Praesent a magna congue, ullamcorper est non, aliquet tortor.\n\nQuisque pretium laoreet erat posuere tempor. Nullam ornare est vel massa pulvinar, nec aliquet diam placerat. Aliquam hendrerit, purus at mollis efficitur, eros dolor fringilla nibh, eget convallis elit dui et velit. Vivamus sit amet sem ipsum. Ut efficitur mi nec erat sollicitudin congue. Fusce eget augue dapibus quam pharetra finibus a sed mauris. Aliquam erat volutpat.\n\nAliquam et tempor felis, at fringilla libero. Vivamus pulvinar ante porttitor, eleifend tellus eget, sollicitudin enim. Ut dapibus id velit eget ullamcorper. Cras tincidunt, nisi at porta vestibulum, justo ipsum consequat ipsum, ac volutpat nisl turpis quis arcu. Duis condimentum quam in magna consequat, ac efficitur justo faucibus. Curabitur arcu ligula, porttitor vitae diam congue, lobortis feugiat odio. Curabitur sodales enim id mauris porta pretium. Ut non posuere lectus. Interdum et malesuada fames ac ante ipsum primis in faucibus. Suspendisse porttitor at tortor et rhoncus. Aliquam in justo non mauris fringilla volutpat. Praesent accumsan libero nunc, sit amet elementum nunc rhoncus eu. Aenean at tempor metus.\n\nIn ullamcorper, quam ut accumsan gravida, metus turpis aliquam nunc, at semper mi nulla nec orci. Nullam malesuada ipsum vel sapien tempor, vitae accumsan nisi fringilla. Maecenas et dictum est. Fusce non pulvinar quam, eu ultricies enim. Duis nec dolor quis turpis accumsan ullamcorper suscipit sed lectus. Sed eget pellentesque ligula. Duis sodales imperdiet tempor. Orci varius natoque penatibus et magnis dis parturient montes, nascetur ridiculus mus. Donec ullamcorper gravida posuere. Duis auctor nunc ac ex bibendum, ac volutpat urna pulvinar. Nunc magna elit, efficitur sed varius vitae, sodales eget sapien.\n\nNullam porttitor quam ac auctor sagittis. Cras vel lorem arcu. Quisque id est quis ligula pharetra blandit at at orci. Vestibulum ante ipsum primis in faucibus orci luctus et ultrices posuere cubilia curae; Donec accumsan sit amet sem sit amet malesuada. Nunc tincidunt mi lectus, vel vulputate libero hendrerit in. Nulla molestie nibh sed ultricies euismod. Nulla sed consectetur nibh. Fusce ac facilisis nisl. Integer tristique hendrerit erat id vulputate. Donec augue massa, tempor non eros in, tincidunt viverra libero. Pellentesque hendrerit iaculis accumsan. Pellentesque habitant morbi tristique senectus et netus et malesuada fames ac turpis egestas. Proin maximus neque id imperdiet volutpat. Ut sodales porta posuere.\n\nAliquam bibendum non lacus nec auctor. Morbi magna nulla, luctus ac semper vitae, dignissim et ipsum. Nunc eleifend arcu sodales, accumsan nibh vel, imperdiet nisl. Quisque arcu nunc, bibendum eget urna vel, gravida ultrices leo. Vivamus ultrices enim lorem, ut venenatis ipsum luctus id. Etiam ultrices, mi et pharetra elementum, lectus turpis tempor elit, commodo convallis ligula ipsum eget ante. Etiam accumsan porta laoreet. Proin eget imperdiet velit, sit amet tincidunt felis. Vivamus mattis diam quam, nec ultricies libero euismod non. Nullam interdum cursus magna. Integer pharetra consequat cursus. Phasellus feugiat urna sit amet laoreet ultricies. Pellentesque ultrices rhoncus convallis. ",
  "page_chargement_internationaux":  "\n\nLorem ipsum dolor sit amet, consectetur adipiscing elit. Pellentesque pharetra ut arcu in iaculis. Curabitur commodo consequat dictum. Nullam a semper dolor. Integer nec blandit nulla. Aliquam iaculis lacus vitae leo vulputate sagittis. Maecenas eu justo felis. Mauris ullamcorper metus purus. Pellentesque ut pharetra nisi. Curabitur eleifend id nunc ut gravida. Sed egestas, est et imperdiet aliquam, metus quam feugiat mi, eget facilisis urna eros ac massa. Morbi pulvinar rhoncus nisi vitae tempor. Donec aliquam lorem sed risus cursus, sit amet convallis orci elementum. Sed finibus sodales consectetur. Pellentesque aliquet luctus tristique. Praesent a magna congue, ullamcorper est non, aliquet tortor.\n\nQuisque pretium laoreet erat posuere tempor. Nullam ornare est vel massa pulvinar, nec aliquet diam placerat. Aliquam hendrerit, purus at mollis efficitur, eros dolor fringilla nibh, eget convallis elit dui et velit. Vivamus sit amet sem ipsum. Ut efficitur mi nec erat sollicitudin congue. Fusce eget augue dapibus quam pharetra finibus a sed mauris. Aliquam erat volutpat.\n\nAliquam et tempor felis, at fringilla libero. Vivamus pulvinar ante porttitor, eleifend tellus eget, sollicitudin enim. Ut dapibus id velit eget ullamcorper. Cras tincidunt, nisi at porta vestibulum, justo ipsum consequat ipsum, ac volutpat nisl turpis quis arcu. Duis condimentum quam in magna consequat, ac efficitur justo faucibus. Curabitur arcu ligula, porttitor vitae diam congue, lobortis feugiat odio. Curabitur sodales enim id mauris porta pretium. Ut non posuere lectus. Interdum et malesuada fames ac ante ipsum primis in faucibus. Suspendisse porttitor at tortor et rhoncus. Aliquam in justo non mauris fringilla volutpat. Praesent accumsan libero nunc, sit amet elementum nunc rhoncus eu. Aenean at tempor metus.\n\nIn ullamcorper, quam ut accumsan gravida, metus turpis aliquam nunc, at semper mi nulla nec orci. Nullam malesuada ipsum vel sapien tempor, vitae accumsan nisi fringilla. Maecenas et dictum est. Fusce non pulvinar quam, eu ultricies enim. Duis nec dolor quis turpis accumsan ullamcorper suscipit sed lectus. Sed eget pellentesque ligula. Duis sodales imperdiet tempor. Orci varius natoque penatibus et magnis dis parturient montes, nascetur ridiculus mus. Donec ullamcorper gravida posuere. Duis auctor nunc ac ex bibendum, ac volutpat urna pulvinar. Nunc magna elit, efficitur sed varius vitae, sodales eget sapien.\n\nNullam porttitor quam ac auctor sagittis. Cras vel lorem arcu. Quisque id est quis ligula pharetra blandit at at orci. Vestibulum ante ipsum primis in faucibus orci luctus et ultrices posuere cubilia curae; Donec accumsan sit amet sem sit amet malesuada. Nunc tincidunt mi lectus, vel vulputate libero hendrerit in. Nulla molestie nibh sed ultricies euismod. Nulla sed consectetur nibh. Fusce ac facilisis nisl. Integer tristique hendrerit erat id vulputate. Donec augue massa, tempor non eros in, tincidunt viverra libero. Pellentesque hendrerit iaculis accumsan. Pellentesque habitant morbi tristique senectus et netus et malesuada fames ac turpis egestas. Proin maximus neque id imperdiet volutpat. Ut sodales porta posuere.\n\nAliquam bibendum non lacus nec auctor. Morbi magna nulla, luctus ac semper vitae, dignissim et ipsum. Nunc eleifend arcu sodales, accumsan nibh vel, imperdiet nisl. Quisque arcu nunc, bibendum eget urna vel, gravida ultrices leo. Vivamus ultrices enim lorem, ut venenatis ipsum luctus id. Etiam ultrices, mi et pharetra elementum, lectus turpis tempor elit, commodo convallis ligula ipsum eget ante. Etiam accumsan porta laoreet. Proin eget imperdiet velit, sit amet tincidunt felis. Vivamus mattis diam quam, nec ultricies libero euismod non. Nullam interdum cursus magna. Integer pharetra consequat cursus. Phasellus feugiat urna sit amet laoreet ultricies. Pellentesque ultrices rhoncus convallis. ",
  "page_cahrgement_nationaux":  "\n\nLorem ipsum dolor sit amet, consectetur adipiscing elit. Pellentesque pharetra ut arcu in iaculis. Curabitur commodo consequat dictum. Nullam a semper dolor. Integer nec blandit nulla. Aliquam iaculis lacus vitae leo vulputate sagittis. Maecenas eu justo felis. Mauris ullamcorper metus purus. Pellentesque ut pharetra nisi. Curabitur eleifend id nunc ut gravida. Sed egestas, est et imperdiet aliquam, metus quam feugiat mi, eget facilisis urna eros ac massa. Morbi pulvinar rhoncus nisi vitae tempor. Donec aliquam lorem sed risus cursus, sit amet convallis orci elementum. Sed finibus sodales consectetur. Pellentesque aliquet luctus tristique. Praesent a magna congue, ullamcorper est non, aliquet tortor.\n\nQuisque pretium laoreet erat posuere tempor. Nullam ornare est vel massa pulvinar, nec aliquet diam placerat. Aliquam hendrerit, purus at mollis efficitur, eros dolor fringilla nibh, eget convallis elit dui et velit. Vivamus sit amet sem ipsum. Ut efficitur mi nec erat sollicitudin congue. Fusce eget augue dapibus quam pharetra finibus a sed mauris. Aliquam erat volutpat.\n\nAliquam et tempor felis, at fringilla libero. Vivamus pulvinar ante porttitor, eleifend tellus eget, sollicitudin enim. Ut dapibus id velit eget ullamcorper. Cras tincidunt, nisi at porta vestibulum, justo ipsum consequat ipsum, ac volutpat nisl turpis quis arcu. Duis condimentum quam in magna consequat, ac efficitur justo faucibus. Curabitur arcu ligula, porttitor vitae diam congue, lobortis feugiat odio. Curabitur sodales enim id mauris porta pretium. Ut non posuere lectus. Interdum et malesuada fames ac ante ipsum primis in faucibus. Suspendisse porttitor at tortor et rhoncus. Aliquam in justo non mauris fringilla volutpat. Praesent accumsan libero nunc, sit amet elementum nunc rhoncus eu. Aenean at tempor metus.\n\nIn ullamcorper, quam ut accumsan gravida, metus turpis aliquam nunc, at semper mi nulla nec orci. Nullam malesuada ipsum vel sapien tempor, vitae accumsan nisi fringilla. Maecenas et dictum est. Fusce non pulvinar quam, eu ultricies enim. Duis nec dolor quis turpis accumsan ullamcorper suscipit sed lectus. Sed eget pellentesque ligula. Duis sodales imperdiet tempor. Orci varius natoque penatibus et magnis dis parturient montes, nascetur ridiculus mus. Donec ullamcorper gravida posuere. Duis auctor nunc ac ex bibendum, ac volutpat urna pulvinar. Nunc magna elit, efficitur sed varius vitae, sodales eget sapien.\n\nNullam porttitor quam ac auctor sagittis. Cras vel lorem arcu. Quisque id est quis ligula pharetra blandit at at orci. Vestibulum ante ipsum primis in faucibus orci luctus et ultrices posuere cubilia curae; Donec accumsan sit amet sem sit amet malesuada. Nunc tincidunt mi lectus, vel vulputate libero hendrerit in. Nulla molestie nibh sed ultricies euismod. Nulla sed consectetur nibh. Fusce ac facilisis nisl. Integer tristique hendrerit erat id vulputate. Donec augue massa, tempor non eros in, tincidunt viverra libero. Pellentesque hendrerit iaculis accumsan. Pellentesque habitant morbi tristique senectus et netus et malesuada fames ac turpis egestas. Proin maximus neque id imperdiet volutpat. Ut sodales porta posuere.\n\nAliquam bibendum non lacus nec auctor. Morbi magna nulla, luctus ac semper vitae, dignissim et ipsum. Nunc eleifend arcu sodales, accumsan nibh vel, imperdiet nisl. Quisque arcu nunc, bibendum eget urna vel, gravida ultrices leo. Vivamus ultrices enim lorem, ut venenatis ipsum luctus id. Etiam ultrices, mi et pharetra elementum, lectus turpis tempor elit, commodo convallis ligula ipsum eget ante. Etiam accumsan porta laoreet. Proin eget imperdiet velit, sit amet tincidunt felis. Vivamus mattis diam quam, nec ultricies libero euismod non. Nullam interdum cursus magna. Integer pharetra consequat cursus. Phasellus feugiat urna sit amet laoreet ultricies. Pellentesque ultrices rhoncus convallis. ",
  "page_chargement_transport":  "\n\nLorem ipsum dolor sit amet, consectetur adipiscing elit. Pellentesque pharetra ut arcu in iaculis. Curabitur commodo consequat dictum. Nullam a semper dolor. Integer nec blandit nulla. Aliquam iaculis lacus vitae leo vulputate sagittis. Maecenas eu justo felis. Mauris ullamcorper metus purus. Pellentesque ut pharetra nisi. Curabitur eleifend id nunc ut gravida. Sed egestas, est et imperdiet aliquam, metus quam feugiat mi, eget facilisis urna eros ac massa. Morbi pulvinar rhoncus nisi vitae tempor. Donec aliquam lorem sed risus cursus, sit amet convallis orci elementum. Sed finibus sodales consectetur. Pellentesque aliquet luctus tristique. Praesent a magna congue, ullamcorper est non, aliquet tortor.\n\nQuisque pretium laoreet erat posuere tempor. Nullam ornare est vel massa pulvinar, nec aliquet diam placerat. Aliquam hendrerit, purus at mollis efficitur, eros dolor fringilla nibh, eget convallis elit dui et velit. Vivamus sit amet sem ipsum. Ut efficitur mi nec erat sollicitudin congue. Fusce eget augue dapibus quam pharetra finibus a sed mauris. Aliquam erat volutpat.\n\nAliquam et tempor felis, at fringilla libero. Vivamus pulvinar ante porttitor, eleifend tellus eget, sollicitudin enim. Ut dapibus id velit eget ullamcorper. Cras tincidunt, nisi at porta vestibulum, justo ipsum consequat ipsum, ac volutpat nisl turpis quis arcu. Duis condimentum quam in magna consequat, ac efficitur justo faucibus. Curabitur arcu ligula, porttitor vitae diam congue, lobortis feugiat odio. Curabitur sodales enim id mauris porta pretium. Ut non posuere lectus. Interdum et malesuada fames ac ante ipsum primis in faucibus. Suspendisse porttitor at tortor et rhoncus. Aliquam in justo non mauris fringilla volutpat. Praesent accumsan libero nunc, sit amet elementum nunc rhoncus eu. Aenean at tempor metus.\n\nIn ullamcorper, quam ut accumsan gravida, metus turpis aliquam nunc, at semper mi nulla nec orci. Nullam malesuada ipsum vel sapien tempor, vitae accumsan nisi fringilla. Maecenas et dictum est. Fusce non pulvinar quam, eu ultricies enim. Duis nec dolor quis turpis accumsan ullamcorper suscipit sed lectus. Sed eget pellentesque ligula. Duis sodales imperdiet tempor. Orci varius natoque penatibus et magnis dis parturient montes, nascetur ridiculus mus. Donec ullamcorper gravida posuere. Duis auctor nunc ac ex bibendum, ac volutpat urna pulvinar. Nunc magna elit, efficitur sed varius vitae, sodales eget sapien.\n\nNullam porttitor quam ac auctor sagittis. Cras vel lorem arcu. Quisque id est quis ligula pharetra blandit at at orci. Vestibulum ante ipsum primis in faucibus orci luctus et ultrices posuere cubilia curae; Donec accumsan sit amet sem sit amet malesuada. Nunc tincidunt mi lectus, vel vulputate libero hendrerit in. Nulla molestie nibh sed ultricies euismod. Nulla sed consectetur nibh. Fusce ac facilisis nisl. Integer tristique hendrerit erat id vulputate. Donec augue massa, tempor non eros in, tincidunt viverra libero. Pellentesque hendrerit iaculis accumsan. Pellentesque habitant morbi tristique senectus et netus et malesuada fames ac turpis egestas. Proin maximus neque id imperdiet volutpat. Ut sodales porta posuere.\n\nAliquam bibendum non lacus nec auctor. Morbi magna nulla, luctus ac semper vitae, dignissim et ipsum. Nunc eleifend arcu sodales, accumsan nibh vel, imperdiet nisl. Quisque arcu nunc, bibendum eget urna vel, gravida ultrices leo. Vivamus ultrices enim lorem, ut venenatis ipsum luctus id. Etiam ultrices, mi et pharetra elementum, lectus turpis tempor elit, commodo convallis ligula ipsum eget ante. Etiam accumsan porta laoreet. Proin eget imperdiet velit, sit amet tincidunt felis. Vivamus mattis diam quam, nec ultricies libero euismod non. Nullam interdum cursus magna. Integer pharetra consequat cursus. Phasellus feugiat urna sit amet laoreet ultricies. Pellentesque ultrices rhoncus convallis. ",
  "page_expace_rangement":  "\n\nLorem ipsum dolor sit amet, consectetur adipiscing elit. Pellentesque pharetra ut arcu in iaculis. Curabitur commodo consequat dictum. Nullam a semper dolor. Integer nec blandit nulla. Aliquam iaculis lacus vitae leo vulputate sagittis. Maecenas eu justo felis. Mauris ullamcorper metus purus. Pellentesque ut pharetra nisi. Curabitur eleifend id nunc ut gravida. Sed egestas, est et imperdiet aliquam, metus quam feugiat mi, eget facilisis urna eros ac massa. Morbi pulvinar rhoncus nisi vitae tempor. Donec aliquam lorem sed risus cursus, sit amet convallis orci elementum. Sed finibus sodales consectetur. Pellentesque aliquet luctus tristique. Praesent a magna congue, ullamcorper est non, aliquet tortor.\n\nQuisque pretium laoreet erat posuere tempor. Nullam ornare est vel massa pulvinar, nec aliquet diam placerat. Aliquam hendrerit, purus at mollis efficitur, eros dolor fringilla nibh, eget convallis elit dui et velit. Vivamus sit amet sem ipsum. Ut efficitur mi nec erat sollicitudin congue. Fusce eget augue dapibus quam pharetra finibus a sed mauris. Aliquam erat volutpat.\n\nAliquam et tempor felis, at fringilla libero. Vivamus pulvinar ante porttitor, eleifend tellus eget, sollicitudin enim. Ut dapibus id velit eget ullamcorper. Cras tincidunt, nisi at porta vestibulum, justo ipsum consequat ipsum, ac volutpat nisl turpis quis arcu. Duis condimentum quam in magna consequat, ac efficitur justo faucibus. Curabitur arcu ligula, porttitor vitae diam congue, lobortis feugiat odio. Curabitur sodales enim id mauris porta pretium. Ut non posuere lectus. Interdum et malesuada fames ac ante ipsum primis in faucibus. Suspendisse porttitor at tortor et rhoncus. Aliquam in justo non mauris fringilla volutpat. Praesent accumsan libero nunc, sit amet elementum nunc rhoncus eu. Aenean at tempor metus.\n\nIn ullamcorper, quam ut accumsan gravida, metus turpis aliquam nunc, at semper mi nulla nec orci. Nullam malesuada ipsum vel sapien tempor, vitae accumsan nisi fringilla. Maecenas et dictum est. Fusce non pulvinar quam, eu ultricies enim. Duis nec dolor quis turpis accumsan ullamcorper suscipit sed lectus. Sed eget pellentesque ligula. Duis sodales imperdiet tempor. Orci varius natoque penatibus et magnis dis parturient montes, nascetur ridiculus mus. Donec ullamcorper gravida posuere. Duis auctor nunc ac ex bibendum, ac volutpat urna pulvinar. Nunc magna elit, efficitur sed varius vitae, sodales eget sapien.\n\nNullam porttitor quam ac auctor sagittis. Cras vel lorem arcu. Quisque id est quis ligula pharetra blandit at at orci. Vestibulum ante ipsum primis in faucibus orci luctus et ultrices posuere cubilia curae; Donec accumsan sit amet sem sit amet malesuada. Nunc tincidunt mi lectus, vel vulputate libero hendrerit in. Nulla molestie nibh sed ultricies euismod. Nulla sed consectetur nibh. Fusce ac facilisis nisl. Integer tristique hendrerit erat id vulputate. Donec augue massa, tempor non eros in, tincidunt viverra libero. Pellentesque hendrerit iaculis accumsan. Pellentesque habitant morbi tristique senectus et netus et malesuada fames ac turpis egestas. Proin maximus neque id imperdiet volutpat. Ut sodales porta posuere.\n\nAliquam bibendum non lacus nec auctor. Morbi magna nulla, luctus ac semper vitae, dignissim et ipsum. Nunc eleifend arcu sodales, accumsan nibh vel, imperdiet nisl. Quisque arcu nunc, bibendum eget urna vel, gravida ultrices leo. Vivamus ultrices enim lorem, ut venenatis ipsum luctus id. Etiam ultrices, mi et pharetra elementum, lectus turpis tempor elit, commodo convallis ligula ipsum eget ante. Etiam accumsan porta laoreet. Proin eget imperdiet velit, sit amet tincidunt felis. Vivamus mattis diam quam, nec ultricies libero euismod non. Nullam interdum cursus magna. Integer pharetra consequat cursus. Phasellus feugiat urna sit amet laoreet ultricies. Pellentesque ultrices rhoncus convallis. "

}
